# Generated by export-vscode-diagnostic-contract; do not edit.
diagnostic-parse-001
diagnostic-parse-002
diagnostic-parse-003
diagnostic-parse-005
diagnostic-parse-007
diagnostic-parse-008
diagnostic-parse-010
diagnostic-parse-011
diagnostic-parse-012	reason	string
diagnostic-parse-012-unexpected-character	character	string
diagnostic-parse-013	reason	string
diagnostic-parse-013-unexpected-character	character	string
diagnostic-parse-014
diagnostic-parse-015
diagnostic-parse-016
diagnostic-parse-017
diagnostic-parse-018
diagnostic-parse-034-expected-directive
diagnostic-parse-034-expected-quoted-string
diagnostic-parse-034-missing-field	field	string
diagnostic-parse-034-duplicate-field	field	string
diagnostic-parse-034-quoted-without-field
diagnostic-parse-034-unexpected-trailing-text
diagnostic-parse-034-unterminated-quoted-string
diagnostic-parse-034-unsupported-escape	escape	string
diagnostic-parse-034-invalid-field-order	value	string
diagnostic-id-034	context	string
diagnostic-id-035	context	string
diagnostic-id-035	source_text	string
diagnostic-validate-042	detail	string
diagnostic-validate-043-contiguous-arms
diagnostic-validate-043-expected-arm	expected	integer
diagnostic-validate-043-requires-plural-source
diagnostic-validate-043-count	actual	integer
diagnostic-validate-043-count	expected	integer
diagnostic-validate-043-invalid-arm	keyword	string
diagnostic-validate-044-multiple-headers
diagnostic-validate-044-missing-colon	line	string
diagnostic-validate-044-duplicate-or-empty	key	string
diagnostic-validate-044-invalid-plural-forms
diagnostic-validate-044-invalid-plural-rule	detail	string
diagnostic-validate-044-plural-header-required
diagnostic-validate-047	actual	string
diagnostic-validate-047	expected	string
diagnostic-validate-047	tag	string
diagnostic-validate-048	tag	string
diagnostic-validate-049	tag	string
diagnostic-validate-008-file	owner	string
diagnostic-validate-008-order	owner	string
diagnostic-validate-012
diagnostic-validate-013	line_id	string
diagnostic-validate-013	statement_kind	string
diagnostic-validate-014	choice_id	string
diagnostic-validate-014	statement_kind	string
diagnostic-validate-015	line_id	string
diagnostic-validate-016-condition
diagnostic-validate-016-effect
diagnostic-validate-016-metadata	key	string
diagnostic-validate-045-unterminated
diagnostic-validate-045-unescaped
diagnostic-validate-045-invalid-name	key	string
diagnostic-validate-045-duplicate	key	string
diagnostic-validate-045-unused	key	string
diagnostic-validate-045-unbound	key	string
diagnostic-validate-046-newline
diagnostic-validate-046-missing-count
diagnostic-validate-046-count-type
diagnostic-validate-034	function	string
diagnostic-validate-035	actual	integer
diagnostic-validate-035	expected	integer
diagnostic-validate-035	function	string
diagnostic-validate-036	actual	string
diagnostic-validate-036	expected	string
diagnostic-validate-036	function	string
diagnostic-validate-036	index	integer
diagnostic-validate-037	expected	string
diagnostic-validate-037	function	string
diagnostic-validate-037	index	integer
diagnostic-validate-037	value	string
diagnostic-validate-038-bool	actual	string
diagnostic-validate-038-bool	function	string
diagnostic-validate-038-enum	actual	string
diagnostic-validate-038-enum	function	string
diagnostic-validate-039	reason	string
diagnostic-validate-040	reason	string
diagnostic-validate-041	reason	string
diagnostic-validate-017	function	string
diagnostic-validate-018	actual	integer
diagnostic-validate-018	expected	integer
diagnostic-validate-018	function	string
diagnostic-validate-019	actual	string
diagnostic-validate-019	expected	string
diagnostic-validate-019	function	string
diagnostic-validate-019	index	integer
diagnostic-validate-020	function	string
diagnostic-validate-020	mode	string
diagnostic-validate-021	expected	string
diagnostic-validate-021	function	string
diagnostic-validate-021	index	integer
diagnostic-validate-021	value	string
diagnostic-id-001
diagnostic-id-002
diagnostic-id-003	id	string
diagnostic-id-004	id	string
diagnostic-id-005
diagnostic-id-006
diagnostic-id-007	id	string
diagnostic-id-008	id	string
diagnostic-validate-022	tag	string
diagnostic-validate-023-bracket
diagnostic-validate-023-standalone	tag	string
diagnostic-validate-023-no-opening	tag	string
diagnostic-validate-023-mismatch	expected_tag	string
diagnostic-validate-023-mismatch	tag	string
diagnostic-validate-024	tag	string
diagnostic-validate-025	child	string
diagnostic-validate-025	parent	string
diagnostic-validate-026	key	string
diagnostic-validate-027	key	string
diagnostic-validate-027	target	string
diagnostic-validate-028	key	string
diagnostic-validate-029	actual	string
diagnostic-validate-029	expected	string
diagnostic-validate-029	key	string
diagnostic-validate-030	expected	string
diagnostic-validate-030	key	string
diagnostic-validate-030	value	string
diagnostic-validate-031	domain	string
diagnostic-validate-031	key	string
diagnostic-validate-031	value	string
diagnostic-validate-032	domain	string
diagnostic-validate-032	key	string
diagnostic-validate-032	selector	string
diagnostic-validate-033	key	string
diagnostic-validate-033	selector	string
diagnostic-validate-005
diagnostic-validate-006	block_id	string
diagnostic-validate-007	reference	string
diagnostic-validate-009	block_id	string
diagnostic-validate-010	path	string
diagnostic-validate-011	block_id	string
diagnostic-config-101	detail	string
diagnostic-config-102	detail	string
diagnostic-config-103	detail	string
diagnostic-config-104	detail	string
diagnostic-config-105	detail	string
diagnostic-config-106	detail	string
diagnostic-config-107	detail	string
diagnostic-config-108	detail	string
diagnostic-config-109	detail	string
diagnostic-config-110	detail	string
diagnostic-config-111	detail	string
diagnostic-config-112	detail	string
diagnostic-config-113	detail	string
diagnostic-config-114	detail	string
diagnostic-config-115	detail	string
diagnostic-config-116	detail	string
diagnostic-config-117	detail	string
diagnostic-project-001	detail	string
diagnostic-project-002	scene_id	string
diagnostic-project-003	asset	string
diagnostic-project-003	scene_id	string
diagnostic-project-004	block	string
diagnostic-project-004	scene_id	string
diagnostic-project-005	scene_id	string
diagnostic-project-006	asset	string
diagnostic-project-006	source	string
diagnostic-project-007	asset	string
diagnostic-project-007	version	integer
diagnostic-project-007-malformed	asset	string
diagnostic-project-007-malformed	detail	string
diagnostic-project-007-malformed	scene_id	string
diagnostic-project-008	participant	string
diagnostic-project-008	scene_id	string
diagnostic-project-008-compiled-asset	asset	string
diagnostic-project-008-compiled-asset	participant	string
diagnostic-project-008-compiled-asset	scene_id	string
diagnostic-fresh-001	asset	string
diagnostic-fresh-001	source	string
diagnostic-fresh-002	asset	string
diagnostic-fresh-003	asset	string
diagnostic-fresh-003	expected	integer
diagnostic-fresh-003	version	integer
diagnostic-schema-001-json-parse	detail	string
diagnostic-schema-001-toml-parse	detail	string
diagnostic-schema-001-toml-decode	detail	string
diagnostic-schema-001-source-non-finite
diagnostic-schema-001-source-legacy-binding
diagnostic-schema-001-source-tagged-field	name	string
diagnostic-schema-001-source-generated-field	key	string
diagnostic-schema-001-source-producer-required
diagnostic-schema-001-source-producer-id-required
diagnostic-schema-001-source-producer-id-empty
diagnostic-schema-001-source-producer-kind
diagnostic-schema-001-read	detail	string
diagnostic-schema-002-unsupported-version	version	string
diagnostic-schema-001-schema-version-type
diagnostic-schema-001-float-not-representable	owner	string
diagnostic-schema-001-producer-export-version
diagnostic-schema-001-producer-content-fingerprint-empty-algorithm
diagnostic-schema-001-producer-content-fingerprint-blake3-hex-shape
diagnostic-schema-001-producer-content-fingerprint-blake3-hex-data
diagnostic-schema-001-producer-content-fingerprint-empty-digest
diagnostic-schema-001-producer-content-fingerprint-blake3-digest-length	actual	integer
diagnostic-schema-001-origin-extension	key	string
diagnostic-schema-001-origin-extension	owner	string
diagnostic-schema-001-value-origins	owner	string
diagnostic-schema-003-producer-fingerprint	id	string
diagnostic-schema-003-producer-fingerprint	kind	string
diagnostic-schema-003-producer-fingerprint	owner	string
diagnostic-schema-001-provenance-unknown-value	key	string
diagnostic-schema-001-provenance-unknown-value	owner	string
diagnostic-schema-001-type-kind	kind	string
diagnostic-schema-001-type-kind	type	string
diagnostic-schema-003-value	owner	string
diagnostic-schema-003-value	value	string
diagnostic-schema-001-metadata-target	metadata	string
diagnostic-schema-001-metadata-target	target	string
diagnostic-schema-003-metadata-target	metadata	string
diagnostic-schema-003-metadata-target	target	string
diagnostic-schema-001-metadata-array-type	metadata	string
diagnostic-schema-001-metadata-array-type	type_ref	string
diagnostic-schema-001-metadata-domain-type	metadata	string
diagnostic-schema-001-metadata-domain-type	type_ref	string
diagnostic-schema-004-invalid-condition-return	condition	string
diagnostic-schema-004-invalid-condition-return	return_type	string
diagnostic-schema-001-effect-mode	effect	string
diagnostic-schema-001-effect-mode	mode	string
diagnostic-schema-003-effect-mode	effect	string
diagnostic-schema-003-effect-mode	mode	string
diagnostic-schema-003-parameter	owner	string
diagnostic-schema-003-parameter	parameter	string
diagnostic-schema-004-parameter-special-type	owner	string
diagnostic-schema-004-parameter-special-type	parameter	string
diagnostic-schema-004-parameter-special-type	type_ref	string
diagnostic-schema-004-invalid-metadata-type	metadata	string
diagnostic-schema-004-invalid-metadata-type	type_ref	string
diagnostic-schema-004-invalid-parameter-type	parameter	string
diagnostic-schema-004-invalid-parameter-type	type_ref	string
diagnostic-schema-004-invalid-projection-input-type	input	string
diagnostic-schema-004-invalid-projection-input-type	projector	string
diagnostic-schema-004-invalid-projection-input-type	type_ref	string
diagnostic-schema-004-invalid-projection-output-type	binding	string
diagnostic-schema-004-invalid-projection-output-type	output	string
diagnostic-schema-004-invalid-projection-output-type	projector	string
diagnostic-schema-004-invalid-projection-output-type	type_ref	string
diagnostic-schema-004-invalid-query-return-type	function	string
diagnostic-schema-004-invalid-query-return-type	type_ref	string
diagnostic-schema-004-contextual-domain-for-flat	domain	string
diagnostic-schema-004-contextual-domain-for-flat	owner	string
diagnostic-schema-004-unknown-metadata-domain	domain	string
diagnostic-schema-004-unknown-metadata-domain	owner	string
diagnostic-schema-004-unknown-enum	name	string
diagnostic-schema-004-unknown-enum	owner	string
diagnostic-schema-004-unknown-registry	name	string
diagnostic-schema-004-unknown-registry	owner	string
diagnostic-schema-003-duplicate-definition	kind	string
diagnostic-schema-003-duplicate-definition	name	string
diagnostic-schema-001-empty-value	field	string
diagnostic-schema-001-invalid-name	field	string
diagnostic-schema-001-availability-non-bool-mapping	condition	string
diagnostic-schema-004-unknown-availability-reason	condition	string
diagnostic-schema-004-unknown-availability-reason	reason	string
diagnostic-schema-001-availability-template-unterminated	reason	string
diagnostic-schema-001-availability-template-invalid-name	name	string
diagnostic-schema-001-availability-template-invalid-name	reason	string
diagnostic-schema-001-availability-template-unescaped-closing-brace	reason	string
diagnostic-schema-001-availability-template-unknown-param	placeholder	string
diagnostic-schema-001-availability-template-unknown-param	reason	string
diagnostic-schema-001-availability-template-unused-param	parameter	string
diagnostic-schema-001-availability-template-unused-param	reason	string
diagnostic-schema-003-availability-argument	argument	string
diagnostic-schema-003-availability-argument	condition	string
diagnostic-schema-001-availability-unknown-reason-param	argument	string
diagnostic-schema-001-availability-unknown-reason-param	condition	string
diagnostic-schema-001-availability-missing-reason-arg	argument	string
diagnostic-schema-001-availability-missing-reason-arg	condition	string
diagnostic-schema-001-availability-tagged-only-toml
diagnostic-schema-001-availability-tag-missing-kind
diagnostic-schema-001-availability-binding-missing-name
diagnostic-schema-001-availability-literal-missing-value
diagnostic-schema-001-availability-tag-kind	kind	string
diagnostic-schema-001-availability-binding-string-type	argument	string
diagnostic-schema-001-availability-binding-string-type	condition	string
diagnostic-schema-001-availability-binding-string-type	expected	string
diagnostic-schema-001-availability-binding-int	argument	string
diagnostic-schema-001-availability-binding-int	condition	string
diagnostic-schema-001-availability-binding-literal-type	actual	string
diagnostic-schema-001-availability-binding-literal-type	argument	string
diagnostic-schema-001-availability-binding-literal-type	condition	string
diagnostic-schema-001-availability-binding-literal-type	expected	string
diagnostic-schema-001-availability-binding-unknown-value	argument	string
diagnostic-schema-001-availability-binding-unknown-value	condition	string
diagnostic-schema-001-availability-binding-unknown-value	expected	string
diagnostic-schema-001-availability-binding-unknown-value	value	string
diagnostic-schema-004-unknown-condition-param	condition	string
diagnostic-schema-004-unknown-condition-param	condition_param	string
diagnostic-schema-001-availability-binding-type-mismatch	actual	string
diagnostic-schema-001-availability-binding-type-mismatch	argument	string
diagnostic-schema-001-availability-binding-type-mismatch	condition	string
diagnostic-schema-001-availability-binding-type-mismatch	condition_param	string
diagnostic-schema-001-availability-binding-type-mismatch	expected	string
diagnostic-schema-001-domain-values	domain	string
diagnostic-schema-001-domain-missing-context	domain	string
diagnostic-schema-001-domain-selector-required	domain	string
diagnostic-schema-001-domain-selector	domain	string
diagnostic-schema-001-domain-selector	selector	string
diagnostic-schema-001-domain-context-values	domain	string
diagnostic-schema-003-domain-context	context	string
diagnostic-schema-003-domain-context	domain	string
diagnostic-schema-001-domain-kind	domain	string
diagnostic-schema-001-domain-kind	kind	string
diagnostic-schema-001-domain-policy-domain	domain	string
diagnostic-schema-001-domain-policy-domain	policy	string
diagnostic-schema-001-domain-fallback-domain	domain	string
diagnostic-schema-001-domain-policy	domain	string
diagnostic-schema-001-domain-policy	policy	string
diagnostic-schema-001-domain-kind-field	domain	string
diagnostic-schema-001-domain-kind-field	field	string
diagnostic-schema-001-domain-kind-field	kind	string
diagnostic-schema-001-flat-value-origins	owner	string
diagnostic-schema-001-context-origin-name	owner	string
diagnostic-schema-001-contextual-value-origins	owner	string
diagnostic-schema-001-context-origins	owner	string
diagnostic-schema-001-projection-candidate-source	input	string
diagnostic-schema-001-projection-candidate-source	projector	string
diagnostic-schema-001-projection-candidate-no-target	input	string
diagnostic-schema-001-projection-candidate-no-target	projector	string
diagnostic-schema-001-projection-occurrence-repeat	input	string
diagnostic-schema-001-projection-occurrence-repeat	key	string
diagnostic-schema-001-projection-occurrence-repeat	occurrence	string
diagnostic-schema-001-projection-occurrence-repeat	projector	string
diagnostic-schema-001-projection-occurrence-all-type	input	string
diagnostic-schema-001-projection-occurrence-all-type	projector	string
diagnostic-schema-001-projection-occurrence-all-type	type_ref	string
diagnostic-schema-001-projection-candidate-type-mismatch	actual	string
diagnostic-schema-001-projection-candidate-type-mismatch	expected	string
diagnostic-schema-001-projection-candidate-type-mismatch	input	string
diagnostic-schema-001-projection-candidate-type-mismatch	key	string
diagnostic-schema-001-projection-candidate-type-mismatch	projector	string
diagnostic-schema-001-projection-occurrence-array	input	string
diagnostic-schema-001-projection-occurrence-array	projector	string
diagnostic-schema-001-projection-occurrence-array	type_ref	string
diagnostic-schema-001-projection-reason-no-selector	input	string
diagnostic-schema-001-projection-reason-no-selector	projector	string
diagnostic-schema-004-projection-reason-arg	input	string
diagnostic-schema-004-projection-reason-arg	name	string
diagnostic-schema-004-projection-reason-arg	projector	string
diagnostic-schema-001-projection-reason-type	actual	string
diagnostic-schema-001-projection-reason-type	expected	string
diagnostic-schema-001-projection-reason-type	input	string
diagnostic-schema-001-projection-reason-type	name	string
diagnostic-schema-001-projection-reason-type	projector	string
diagnostic-schema-001-projection-occurrence	input	string
diagnostic-schema-001-projection-occurrence	name	string
diagnostic-schema-001-projection-occurrence	projector	string
diagnostic-schema-003-projection-field	field	string
diagnostic-schema-003-projection-field	output	string
diagnostic-schema-003-projection-field	projector	string
diagnostic-schema-003-projection-input	input	string
diagnostic-schema-003-projection-input	projector	string
diagnostic-schema-003-label-template	template_id	string
diagnostic-schema-003-label-argument	argument	string
diagnostic-schema-003-label-argument	output	string
diagnostic-schema-003-label-argument	projector	string
diagnostic-schema-001-label-placeholder-unterminated	output	string
diagnostic-schema-001-label-placeholder-unterminated	projector	string
diagnostic-schema-001-label-placeholder-unterminated	template_id	string
diagnostic-schema-001-label-placeholder-invalid-name	name	string
diagnostic-schema-001-label-placeholder-invalid-name	output	string
diagnostic-schema-001-label-placeholder-invalid-name	projector	string
diagnostic-schema-001-label-placeholder-invalid-name	template_id	string
diagnostic-schema-001-label-placeholder-unescaped-closing-brace	output	string
diagnostic-schema-001-label-placeholder-unescaped-closing-brace	projector	string
diagnostic-schema-001-label-placeholder-unescaped-closing-brace	template_id	string
diagnostic-schema-001-label-unknown-arg	output	string
diagnostic-schema-001-label-unknown-arg	placeholder	string
diagnostic-schema-001-label-unknown-arg	projector	string
diagnostic-schema-001-label-unknown-arg	template_id	string
diagnostic-schema-001-label-unused-arg	arg	string
diagnostic-schema-001-label-unused-arg	output	string
diagnostic-schema-001-label-unused-arg	projector	string
diagnostic-schema-001-label-unused-arg	template_id	string
diagnostic-schema-001-projection-literal-int	owner	string
diagnostic-schema-001-projection-literal-type	actual	string
diagnostic-schema-001-projection-literal-type	expected	string
diagnostic-schema-001-projection-literal-type	owner	string
diagnostic-schema-001-projection-literal-unknown	expected	string
diagnostic-schema-001-projection-literal-unknown	owner	string
diagnostic-schema-001-projection-literal-unknown	value	string
diagnostic-schema-003-projection-output	output	string
diagnostic-schema-003-projection-output	projector	string
diagnostic-schema-001-projection-output-target	output	string
diagnostic-schema-001-projection-output-target	projector	string
diagnostic-schema-001-projection-output-target	target	string
diagnostic-schema-001-query-max-calls	function	string
diagnostic-schema-003-projection-query	projector	string
diagnostic-schema-003-projection-query	query	string
diagnostic-schema-004-unknown-query-function	function	string
diagnostic-schema-004-unknown-query-function	projector	string
diagnostic-schema-004-unknown-query-function	query	string
diagnostic-schema-001-query-arg-count	actual	integer
diagnostic-schema-001-query-arg-count	expected	integer
diagnostic-schema-001-query-arg-count	function	string
diagnostic-schema-001-query-arg-count	projector	string
diagnostic-schema-001-query-arg-count	query	string
diagnostic-schema-004-unknown-projection-ref	owner	string
diagnostic-schema-004-unknown-projection-ref	projector	string
diagnostic-schema-004-unknown-projection-ref	ref	string
diagnostic-schema-001-projection-ref-type	actual	string
diagnostic-schema-001-projection-ref-type	expected	string
diagnostic-schema-001-projection-ref-type	owner	string
diagnostic-schema-001-projection-ref-type	projector	string
diagnostic-schema-001-projection-ref-type	ref	string
diagnostic-schema-003-required-metadata	key	string
diagnostic-schema-003-required-metadata	projector	string
diagnostic-schema-004-unknown-projection-reason	projector	string
diagnostic-schema-004-unknown-projection-reason	reason	string
diagnostic-schema-001-projection-selector-target	target	string
diagnostic-schema-004-unknown-metadata-key	key	string
diagnostic-schema-004-unknown-metadata-key	projector	string
diagnostic-schema-001-projection-metadata-target	key	string
diagnostic-schema-001-projection-metadata-target	projector	string
diagnostic-schema-001-projection-metadata-target	target	string
diagnostic-validate-012-help
diagnostic-validate-013-related
diagnostic-validate-013-help
diagnostic-validate-014-related
diagnostic-validate-014-help
diagnostic-validate-015-help
diagnostic-validate-016-help
diagnostic-validate-034-help
diagnostic-validate-035-help
diagnostic-validate-037-help
diagnostic-validate-039-help
diagnostic-validate-040-help
diagnostic-validate-017-help
diagnostic-validate-018-help
diagnostic-validate-020-help
diagnostic-validate-021-help
diagnostic-id-001-help
diagnostic-id-002-help
diagnostic-id-003-related
diagnostic-id-003-help
diagnostic-id-004-related
diagnostic-id-004-help
diagnostic-id-005-help
diagnostic-id-006-help
diagnostic-id-007-help
diagnostic-id-008-help
diagnostic-validate-022-help
diagnostic-validate-023-help
diagnostic-validate-023-related
diagnostic-validate-024-help	tag	string
diagnostic-validate-025-related
diagnostic-validate-025-help	child	string
diagnostic-validate-025-help	parent	string
diagnostic-validate-026-help
diagnostic-validate-027-help
diagnostic-validate-028-help
diagnostic-validate-029-help
diagnostic-validate-030-help
diagnostic-validate-031-help
diagnostic-validate-032-help
diagnostic-validate-033-help
diagnostic-validate-005-help
diagnostic-validate-006-related
diagnostic-validate-006-help
diagnostic-validate-009-related
diagnostic-validate-009-help
diagnostic-validate-010-related
diagnostic-validate-010-help
diagnostic-validate-011-related
diagnostic-validate-011-help
diagnostic-project-002-related
diagnostic-fresh-001-meaning
diagnostic-fresh-001-cause-001
diagnostic-fresh-001-remediation-001
diagnostic-fresh-002-meaning
diagnostic-fresh-002-cause-001
diagnostic-fresh-002-remediation-001
diagnostic-fresh-003-meaning
diagnostic-fresh-003-cause-001
diagnostic-fresh-003-remediation-001
diagnostic-id-001-meaning
diagnostic-id-001-cause-001
diagnostic-id-001-remediation-001
diagnostic-id-002-meaning
diagnostic-id-002-cause-001
diagnostic-id-002-remediation-001
diagnostic-id-003-meaning
diagnostic-id-003-cause-001
diagnostic-id-003-remediation-001
diagnostic-id-004-meaning
diagnostic-id-004-cause-001
diagnostic-id-004-remediation-001
diagnostic-id-005-meaning
diagnostic-id-005-cause-001
diagnostic-id-005-remediation-001
diagnostic-id-006-meaning
diagnostic-id-006-cause-001
diagnostic-id-006-remediation-001
diagnostic-id-007-meaning
diagnostic-id-007-cause-001
diagnostic-id-007-remediation-001
diagnostic-id-008-meaning
diagnostic-id-008-cause-001
diagnostic-id-008-remediation-001
diagnostic-id-034-meaning
diagnostic-id-034-cause-001
diagnostic-id-034-remediation-001
diagnostic-id-035-meaning
diagnostic-id-035-cause-001
diagnostic-id-035-remediation-001
diagnostic-parse-001-meaning
diagnostic-parse-001-cause-001
diagnostic-parse-001-remediation-001
diagnostic-parse-002-meaning
diagnostic-parse-002-cause-001
diagnostic-parse-002-remediation-001
diagnostic-parse-003-meaning
diagnostic-parse-003-cause-001
diagnostic-parse-003-remediation-001
diagnostic-parse-005-meaning
diagnostic-parse-005-cause-001
diagnostic-parse-005-remediation-001
diagnostic-parse-007-meaning
diagnostic-parse-007-cause-001
diagnostic-parse-007-remediation-001
diagnostic-parse-008-meaning
diagnostic-parse-008-cause-001
diagnostic-parse-008-remediation-001
diagnostic-parse-010-meaning
diagnostic-parse-010-cause-001
diagnostic-parse-010-remediation-001
diagnostic-parse-011-meaning
diagnostic-parse-011-cause-001
diagnostic-parse-011-remediation-001
diagnostic-parse-012-meaning
diagnostic-parse-012-cause-001
diagnostic-parse-012-remediation-001
diagnostic-parse-013-meaning
diagnostic-parse-013-cause-001
diagnostic-parse-013-remediation-001
diagnostic-parse-014-meaning
diagnostic-parse-014-cause-001
diagnostic-parse-014-remediation-001
diagnostic-parse-015-meaning
diagnostic-parse-015-cause-001
diagnostic-parse-015-remediation-001
diagnostic-parse-016-meaning
diagnostic-parse-016-cause-001
diagnostic-parse-016-remediation-001
diagnostic-parse-017-meaning
diagnostic-parse-017-cause-001
diagnostic-parse-017-remediation-001
diagnostic-parse-018-meaning
diagnostic-parse-018-cause-001
diagnostic-parse-018-remediation-001
diagnostic-parse-034-meaning
diagnostic-parse-034-cause-001
diagnostic-parse-034-remediation-001
diagnostic-project-001-meaning
diagnostic-project-001-cause-001
diagnostic-project-001-remediation-001
diagnostic-project-002-meaning
diagnostic-project-002-cause-001
diagnostic-project-002-remediation-001
diagnostic-project-003-meaning
diagnostic-project-003-cause-001
diagnostic-project-003-remediation-001
diagnostic-project-004-meaning
diagnostic-project-004-cause-001
diagnostic-project-004-remediation-001
diagnostic-project-005-meaning
diagnostic-project-005-cause-001
diagnostic-project-005-remediation-001
diagnostic-project-006-meaning
diagnostic-project-006-cause-001
diagnostic-project-006-remediation-001
diagnostic-project-007-meaning
diagnostic-project-007-cause-001
diagnostic-project-007-remediation-001
diagnostic-project-008-meaning
diagnostic-project-008-cause-001
diagnostic-project-008-remediation-001
diagnostic-schema-001-meaning
diagnostic-schema-001-cause-001
diagnostic-schema-001-remediation-001
diagnostic-schema-002-meaning
diagnostic-schema-002-cause-001
diagnostic-schema-002-remediation-001
diagnostic-schema-003-meaning
diagnostic-schema-003-cause-001
diagnostic-schema-003-remediation-001
diagnostic-schema-004-meaning
diagnostic-schema-004-cause-001
diagnostic-schema-004-remediation-001
diagnostic-validate-005-meaning
diagnostic-validate-005-cause-001
diagnostic-validate-005-remediation-001
diagnostic-validate-006-meaning
diagnostic-validate-006-cause-001
diagnostic-validate-006-remediation-001
diagnostic-validate-007-meaning
diagnostic-validate-007-cause-001
diagnostic-validate-007-remediation-001
diagnostic-validate-008-meaning
diagnostic-validate-008-cause-001
diagnostic-validate-008-remediation-001
diagnostic-validate-009-meaning
diagnostic-validate-009-cause-001
diagnostic-validate-009-remediation-001
diagnostic-validate-010-meaning
diagnostic-validate-010-cause-001
diagnostic-validate-010-remediation-001
diagnostic-validate-011-meaning
diagnostic-validate-011-cause-001
diagnostic-validate-011-remediation-001
diagnostic-validate-012-meaning
diagnostic-validate-012-cause-001
diagnostic-validate-012-remediation-001
diagnostic-validate-013-meaning
diagnostic-validate-013-cause-001
diagnostic-validate-013-remediation-001
diagnostic-validate-014-meaning
diagnostic-validate-014-cause-001
diagnostic-validate-014-remediation-001
diagnostic-validate-015-meaning
diagnostic-validate-015-cause-001
diagnostic-validate-015-remediation-001
diagnostic-validate-016-meaning
diagnostic-validate-016-cause-001
diagnostic-validate-016-remediation-001
diagnostic-validate-017-meaning
diagnostic-validate-017-cause-001
diagnostic-validate-017-remediation-001
diagnostic-validate-018-meaning
diagnostic-validate-018-cause-001
diagnostic-validate-018-remediation-001
diagnostic-validate-019-meaning
diagnostic-validate-019-cause-001
diagnostic-validate-019-remediation-001
diagnostic-validate-020-meaning
diagnostic-validate-020-cause-001
diagnostic-validate-020-remediation-001
diagnostic-validate-021-meaning
diagnostic-validate-021-cause-001
diagnostic-validate-021-remediation-001
diagnostic-validate-022-meaning
diagnostic-validate-022-cause-001
diagnostic-validate-022-remediation-001
diagnostic-validate-023-meaning
diagnostic-validate-023-cause-001
diagnostic-validate-023-remediation-001
diagnostic-validate-024-meaning
diagnostic-validate-024-cause-001
diagnostic-validate-024-remediation-001
diagnostic-validate-025-meaning
diagnostic-validate-025-cause-001
diagnostic-validate-025-remediation-001
diagnostic-validate-026-meaning
diagnostic-validate-026-cause-001
diagnostic-validate-026-remediation-001
diagnostic-validate-027-meaning
diagnostic-validate-027-cause-001
diagnostic-validate-027-remediation-001
diagnostic-validate-028-meaning
diagnostic-validate-028-cause-001
diagnostic-validate-028-remediation-001
diagnostic-validate-029-meaning
diagnostic-validate-029-cause-001
diagnostic-validate-029-remediation-001
diagnostic-validate-030-meaning
diagnostic-validate-030-cause-001
diagnostic-validate-030-remediation-001
diagnostic-validate-031-meaning
diagnostic-validate-031-cause-001
diagnostic-validate-031-remediation-001
diagnostic-validate-032-meaning
diagnostic-validate-032-cause-001
diagnostic-validate-032-remediation-001
diagnostic-validate-033-meaning
diagnostic-validate-033-cause-001
diagnostic-validate-033-remediation-001
diagnostic-validate-034-meaning
diagnostic-validate-034-cause-001
diagnostic-validate-034-remediation-001
diagnostic-validate-035-meaning
diagnostic-validate-035-cause-001
diagnostic-validate-035-remediation-001
diagnostic-validate-036-meaning
diagnostic-validate-036-cause-001
diagnostic-validate-036-remediation-001
diagnostic-validate-037-meaning
diagnostic-validate-037-cause-001
diagnostic-validate-037-remediation-001
diagnostic-validate-038-meaning
diagnostic-validate-038-cause-001
diagnostic-validate-038-remediation-001
diagnostic-validate-039-meaning
diagnostic-validate-039-cause-001
diagnostic-validate-039-remediation-001
diagnostic-validate-040-meaning
diagnostic-validate-040-cause-001
diagnostic-validate-040-remediation-001
diagnostic-validate-041-meaning
diagnostic-validate-041-cause-001
diagnostic-validate-041-remediation-001
diagnostic-validate-042-meaning
diagnostic-validate-042-cause-001
diagnostic-validate-042-remediation-001
diagnostic-validate-043-meaning
diagnostic-validate-043-cause-001
diagnostic-validate-043-remediation-001
diagnostic-validate-044-meaning
diagnostic-validate-044-cause-001
diagnostic-validate-044-remediation-001
diagnostic-validate-045-meaning
diagnostic-validate-045-cause-001
diagnostic-validate-045-remediation-001
diagnostic-validate-046-meaning
diagnostic-validate-046-cause-001
diagnostic-validate-046-cause-002
diagnostic-validate-046-cause-003
diagnostic-validate-046-cause-004
diagnostic-validate-046-remediation-001
diagnostic-validate-046-remediation-002
diagnostic-validate-046-remediation-003
diagnostic-validate-046-remediation-004
diagnostic-validate-047-meaning
diagnostic-validate-047-cause-001
diagnostic-validate-047-remediation-001
diagnostic-validate-048-meaning
diagnostic-validate-048-cause-001
diagnostic-validate-048-remediation-001
diagnostic-validate-049-meaning
diagnostic-validate-049-cause-001
diagnostic-validate-049-remediation-001
diagnostic-legacy-message	message	string
